Datetime,Water Level (m)
2026-04-25 12:00:00,0.3017352
2026-04-25 13:00:00,0.059251454
2026-04-25 14:00:00,-0.21876796
2026-04-25 15:00:00,-0.46998206
2026-04-25 16:00:00,-0.61599696
2026-04-25 17:00:00,-0.64172727
2026-04-25 18:00:00,-0.5438906
2026-04-25 19:00:00,-0.3415888
2026-04-25 20:00:00,-0.11084031
2026-04-25 21:00:00,0.1037379
2026-04-25 22:00:00,0.24344069
2026-04-25 23:00:00,0.30013523
2026-04-26 00:00:00,0.2646173
2026-04-26 01:00:00,0.11803396
2026-04-26 02:00:00,-0.08789185
2026-04-26 03:00:00,-0.2939195
2026-04-26 04:00:00,-0.44016725
2026-04-26 05:00:00,-0.5061114
2026-04-26 06:00:00,-0.4496281
2026-04-26 07:00:00,-0.27240634
2026-04-26 08:00:00,-0.011840244
2026-04-26 09:00:00,0.24552669
2026-04-26 10:00:00,0.44269451
2026-04-26 11:00:00,0.54321223
2026-04-26 12:00:00,0.51027125
2026-04-26 13:00:00,0.33808655
2026-04-26 14:00:00,0.08566045
2026-04-26 15:00:00,-0.23235434
2026-04-26 16:00:00,-0.4966166
2026-04-26 17:00:00,-0.6734355
2026-04-26 18:00:00,-0.71356475
2026-04-26 19:00:00,-0.6082362
2026-04-26 20:00:00,-0.35970932
2026-04-26 21:00:00,-0.052136663
2026-04-26 22:00:00,0.2311063
2026-04-26 23:00:00,0.42488378
2026-04-27 00:00:00,0.5115103
2026-04-27 01:00:00,0.4450729
2026-04-27 02:00:00,0.22956862
2026-04-27 03:00:00,-0.037367824
2026-04-27 04:00:00,-0.30202177
2026-04-27 05:00:00,-0.5062839
2026-04-27 06:00:00,-0.57748395
2026-04-27 07:00:00,-0.5092169
2026-04-27 08:00:00,-0.301496
2026-04-27 09:00:00,-0.014177748
2026-04-27 10:00:00,0.28553095
2026-04-27 11:00:00,0.5106723
2026-04-27 12:00:00,0.6153522
2026-04-27 13:00:00,0.57131916
2026-04-27 14:00:00,0.3640032
2026-04-27 15:00:00,0.033084404
2026-04-27 16:00:00,-0.31995037
2026-04-27 17:00:00,-0.61281836
2026-04-27 18:00:00,-0.77027786
2026-04-27 19:00:00,-0.7771722
2026-04-27 20:00:00,-0.59176964
2026-04-27 21:00:00,-0.26411906
2026-04-27 22:00:00,0.109491654
2026-04-27 23:00:00,0.4270224
2026-04-28 00:00:00,0.6080632
2026-04-28 01:00:00,0.6337204
2026-04-28 02:00:00,0.507332
2026-04-28 03:00:00,0.23844804
2026-04-28 04:00:00,-0.08246942
2026-04-28 05:00:00,-0.39150304
2026-04-28 06:00:00,-0.6076473
2026-04-28 07:00:00,-0.6808357
2026-04-28 08:00:00,-0.57587194
2026-04-28 09:00:00,-0.30589372
2026-04-28 10:00:00,0.041045047
2026-04-28 11:00:00,0.36286148
2026-04-28 12:00:00,0.58746916
2026-04-28 13:00:00,0.6630125
2026-04-28 14:00:00,0.55194235
2026-04-28 15:00:00,0.2690247
2026-04-28 16:00:00,-0.12841421
2026-04-28 17:00:00,-0.4955925
2026-04-28 18:00:00,-0.7696359
2026-04-28 19:00:00,-0.8871092
2026-04-28 20:00:00,-0.7969939
2026-04-28 21:00:00,-0.5301783
2026-04-28 22:00:00,-0.13804483
2026-04-28 23:00:00,0.23764339
2026-04-29 00:00:00,0.55330676
2026-04-29 01:00:00,0.73154104
2026-04-29 02:00:00,0.7103743
2026-04-29 03:00:00,0.50886786
2026-04-29 04:00:00,0.16872282
2026-04-29 05:00:00,-0.21500844
2026-04-29 06:00:00,-0.5563564
2026-04-29 07:00:00,-0.72723675
2026-04-29 08:00:00,-0.743957
2026-04-29 09:00:00,-0.55111235
2026-04-29 10:00:00,-0.21868424
2026-04-29 11:00:00,0.17441036
2026-04-29 12:00:00,0.48332265
2026-04-29 13:00:00,0.65802866
2026-04-29 14:00:00,0.66387737
2026-04-29 15:00:00,0.4669288
2026-04-29 16:00:00,0.09385961
2026-04-29 17:00:00,-0.30449426
2026-04-29 18:00:00,-0.67857975
2026-04-29 19:00:00,-0.89200574
2026-04-29 20:00:00,-0.9255928
2026-04-29 21:00:00,-0.7174787
2026-04-29 22:00:00,-0.37320855
2026-04-29 23:00:00,0.06085895
2026-04-30 00:00:00,0.46150628
2026-04-30 01:00:00,0.74469316
2026-04-30 02:00:00,0.82571155
2026-04-30 03:00:00,0.72475034
2026-04-30 04:00:00,0.42770836
2026-04-30 05:00:00,0.01803528
2026-04-30 06:00:00,-0.40139085
2026-04-30 07:00:00,-0.704375
2026-04-30 08:00:00,-0.81782806
2026-04-30 09:00:00,-0.73967135
2026-04-30 10:00:00,-0.46233472
2026-04-30 11:00:00,-0.07087789
2026-04-30 12:00:00,0.3046851
2026-04-30 13:00:00,0.5692131
2026-04-30 14:00:00,0.6766586
2026-04-30 15:00:00,0.59820294
2026-04-30 16:00:00,0.2998787
2026-04-30 17:00:00,-0.09583845
2026-04-30 18:00:00,-0.5134422
2026-04-30 19:00:00,-0.86561537
2026-04-30 20:00:00,-0.99413556
2026-04-30 21:00:00,-0.89758563
2026-04-30 22:00:00,-0.58520234
2026-04-30 23:00:00,-0.14185919
2026-05-01 00:00:00,0.31978855
2026-05-01 01:00:00,0.68143475
2026-05-01 02:00:00,0.8417389
2026-05-01 03:00:00,0.8488103
2026-05-01 04:00:00,0.63931054
2026-05-01 05:00:00,0.26102892
2026-05-01 06:00:00,-0.1845594
2026-05-01 07:00:00,-0.569726
2026-05-01 08:00:00,-0.81027067
2026-05-01 09:00:00,-0.8278733
2026-05-01 10:00:00,-0.63923675
2026-05-01 11:00:00,-0.27959135
2026-05-01 12:00:00,0.11827566
